{"cameraMode":{"drawMode":0,"name":"Shaded","section":"Shading Mode"},"sceneLighting":true,"audioPlay":false,"sceneViewState":{"m_AlwaysRefresh":false,"showFog":true,"showSkybox":true,"showFlares":true,"showImageEffects":true,"showParticleSystems":true,"showVisualEffectGraphs":true,"m_FxEnabled":true},"in2DMode":false,"pivot":{"x":-355.1927490234375,"y":-175.93484497070313,"z":414.4783935546875},"rotation":{"x":-0.18613281846046449,"y":0.37429678440093996,"z":-0.07698512077331543,"w":-0.9051846861839294},"size":373.36541748046877,"orthographic":false}